,MAE,RMSE
cosine,0.7740007403022287,0.9944513490243588
msd,0.7203471892847209,0.9343686833947901
pearson,0.7686091103659647,0.9897546392936896
