Model,MAE,RMSE
PMF,0.689942349227427,0.8968487113646784
User-CF,0.7452569349101326,0.9694879394950722
Item-CF,0.72125499648433,0.9353996585713308
