,MAE,RMSE
cosine,0.7679624052654294,0.9934252206523017
msd,0.7430864798025214,0.9674415996260622
pearson,0.7728215731720516,1.0000176717733822
